name,,,,
АЛ.ГАЙСКИЙ,,,,
АРКАДАКСКИЙ,,,,
Б.КАРАБУЛАКСКИЙ,,,,
БАЛТАЙСКИЙ,,,,
ВОСКРЕСЕНСКИЙ,,,,
ДЕРГАЧЕВСКИЙ,,,,
ДУХОВНИЦКИЙ,,,,
ЕКАТЕРИНОВСКИЙ,,,,
ЕРШОВСКИЙ,,,,
ИВАНТЕЕВСКИЙ,,,,
КАЛИНИНСКИЙ,,,,
КРАСНОКУТСКИЙ,,,,
КРАСНОПАРТИЗАНСКИЙ,,,,
ЛЫСОГОРСКИЙ,,,,
НОВОБУРАССКИЙ,,,,
НОВОУЗЕНСКИЙ,,,,
ОЗИНСКИЙ,,,,
ПЕРЕЛЮБСКИЙ,,,,
ПЕТРОВСКИЙ,,,,
ПИТЕРСКИЙ,,,,
ПУГАЧЕВСКИЙ,,,,
РОВЕНСКИЙ,,,,
РОМАНОВСКИЙ,,,,
РТИЩЕВСКИЙ,,,,
САМОЙЛОВСКИЙ,,,,
САРАТОВСКИЙ,,,,
СОВЕТСКИЙ,,,,
ТАТИЩЕВСКИЙ,,,,
п.Светлый,,,,
ТУРКОВСКИЙ,,,,
ФЕДОРОВСКИЙ,,,,
АТКАРСК,,,,
БАЛАКОВО(+район),,,,
БАЛАШОВ + pайон,,,,
ВОЛЬСК+район+Шиханы,,,,
КРАСНОАРМЕЙСК,,,,
МАРКС,,,,
САРАТОВ,,,,
ХВАЛЫНСК,,,,
ЭНГЕЛЬС + pайон,,,,
